<?xml version="1.0" encoding="UTF-8"?><CodeSystem xmlns="http://hl7.org/fhir"><id value="lk-core-allergyintolerance-code-cs"/><text><status value="generated"/><div xmlns="http://www.w3.org/1999/xhtml"><p>This code system <code>http://fhir.health.gov.lk/CodeSystem/allergy-intolerance-code-cs</code> defines the following code:</p><table class="codes"><tr><td style="white-space:nowrap"><b>Code</b></td><td><b>Display</b></td><td><b>Definition</b></td></tr><tr><td style="white-space:nowrap">Sub-1<a name="lk-core-allergyintolerance-code-cs-Sub-1"> </a></td><td>Example substance</td><td>Level 1 is the bottom level, below the lower edge of the pectoralis minor muscle.</td></tr></table></div></text><url value="http://fhir.health.gov.lk/CodeSystem/allergy-intolerance-code-cs"/><version value="0.1.0"/><name value="LKCoreAllergyIntoleranceCodeCS"/><title value="LK Core Allergy Intolerance Code System"/><status value="draft"/><date value="2023-08-11T10:37:20+05:30"/><description value="Substances, medciations and other allergens for Sri Lanka"/><content value="complete"/><count value="1"/><concept><code value="Sub-1"/><display value="Example substance"/><definition value="Level 1 is the bottom level, below the lower edge of the pectoralis minor muscle."/></concept></CodeSystem>