<?xml version="1.0" encoding="UTF-8"?><ValueSet xmlns="http://hl7.org/fhir"><id value="lk-core-district-vs"/><text><status value="generated"/><div xmlns="http://www.w3.org/1999/xhtml"><ul><li>Include all codes defined in <a href="CodeSystem-lk-core-district-cs.html"><code>http://fhir.health.gov.lk/CodeSystem/lk-core-district-cs</code></a></li></ul></div></text><url value="http://fhir.health.gov.lk/ValueSet/lk-core-district-vs"/><version value="0.1.0"/><name value="LKCoreDistrictVS"/><title value="LK Core District Value Set"/><status value="draft"/><date value="2023-08-11T10:37:20+05:30"/><description value="LK Core District Value Set"/><compose><include><system value="http://fhir.health.gov.lk/CodeSystem/lk-core-district-cs"/></include></compose></ValueSet>