{"resourceType":"CodeSystem","id":"lk-core-district-cs","text":{"status":"generated","div":"<div xmlns=\"http://www.w3.org/1999/xhtml\"><p>This code system <code>http://fhir.health.gov.lk/CodeSystem/lk-core-district-cs</code> defines the following codes:</p><table class=\"codes\"><tr><td style=\"white-space:nowrap\"><b>Code</b></td><td><b>Display</b></td></tr><tr><td style=\"white-space:nowrap\">LK-11<a name=\"lk-core-district-cs-LK-11\"> </a></td><td>Colombo</td></tr><tr><td style=\"white-space:nowrap\">LK-12<a name=\"lk-core-district-cs-LK-12\"> </a></td><td>Gampaha</td></tr><tr><td style=\"white-space:nowrap\">LK-13<a name=\"lk-core-district-cs-LK-13\"> </a></td><td>Kalutara</td></tr><tr><td style=\"white-space:nowrap\">LK-21<a name=\"lk-core-district-cs-LK-21\"> </a></td><td>Kandy</td></tr><tr><td style=\"white-space:nowrap\">LK-22<a name=\"lk-core-district-cs-LK-22\"> </a></td><td>Matale</td></tr><tr><td style=\"white-space:nowrap\">LK-23<a name=\"lk-core-district-cs-LK-23\"> </a></td><td>Nuwara Eliya</td></tr><tr><td style=\"white-space:nowrap\">LK-31<a name=\"lk-core-district-cs-LK-31\"> </a></td><td>Galle</td></tr><tr><td style=\"white-space:nowrap\">LK-32<a name=\"lk-core-district-cs-LK-32\"> </a></td><td>Matara</td></tr><tr><td style=\"white-space:nowrap\">LK-33<a name=\"lk-core-district-cs-LK-33\"> </a></td><td>Hambantota</td></tr><tr><td style=\"white-space:nowrap\">LK-41<a name=\"lk-core-district-cs-LK-41\"> </a></td><td>Jaffna</td></tr><tr><td style=\"white-space:nowrap\">LK-42<a name=\"lk-core-district-cs-LK-42\"> </a></td><td>Kilinochchi</td></tr><tr><td style=\"white-space:nowrap\">LK-43<a name=\"lk-core-district-cs-LK-43\"> </a></td><td>Mannar</td></tr><tr><td style=\"white-space:nowrap\">LK-44<a name=\"lk-core-district-cs-LK-44\"> </a></td><td>Vavuniya</td></tr><tr><td style=\"white-space:nowrap\">LK-45<a name=\"lk-core-district-cs-LK-45\"> </a></td><td>Mullaittivu</td></tr><tr><td style=\"white-space:nowrap\">LK-51<a name=\"lk-core-district-cs-LK-51\"> </a></td><td>Batticaloa</td></tr><tr><td style=\"white-space:nowrap\">LK-52<a name=\"lk-core-district-cs-LK-52\"> </a></td><td>Ampara</td></tr><tr><td style=\"white-space:nowrap\">LK-53<a name=\"lk-core-district-cs-LK-53\"> </a></td><td>Trincomalee</td></tr><tr><td style=\"white-space:nowrap\">LK-61<a name=\"lk-core-district-cs-LK-61\"> </a></td><td>Kurunegala</td></tr><tr><td style=\"white-space:nowrap\">LK-62<a name=\"lk-core-district-cs-LK-62\"> </a></td><td>Puttalam</td></tr><tr><td style=\"white-space:nowrap\">LK-71<a name=\"lk-core-district-cs-LK-71\"> </a></td><td>Anuradhapura</td></tr><tr><td style=\"white-space:nowrap\">LK-72<a name=\"lk-core-district-cs-LK-72\"> </a></td><td>Polonnaruwa</td></tr><tr><td style=\"white-space:nowrap\">LK-81<a name=\"lk-core-district-cs-LK-81\"> </a></td><td>Badulla</td></tr><tr><td style=\"white-space:nowrap\">LK-82<a name=\"lk-core-district-cs-LK-82\"> </a></td><td>Monaragala</td></tr><tr><td style=\"white-space:nowrap\">LK-91<a name=\"lk-core-district-cs-LK-91\"> </a></td><td>Ratnapura</td></tr><tr><td style=\"white-space:nowrap\">LK-92<a name=\"lk-core-district-cs-LK-92\"> </a></td><td>Kegalla</td></tr></table></div>"},"url":"http://fhir.health.gov.lk/CodeSystem/lk-core-district-cs","version":"0.1.0","name":"LKCoreDistrictCS","title":"LK Core District Code System","status":"draft","date":"2023-08-11T10:37:20+05:30","description":"LK Core District Code System","content":"complete","count":25,"concept":[{"code":"LK-11","display":"Colombo"},{"code":"LK-12","display":"Gampaha"},{"code":"LK-13","display":"Kalutara"},{"code":"LK-21","display":"Kandy"},{"code":"LK-22","display":"Matale"},{"code":"LK-23","display":"Nuwara Eliya"},{"code":"LK-31","display":"Galle"},{"code":"LK-32","display":"Matara"},{"code":"LK-33","display":"Hambantota"},{"code":"LK-41","display":"Jaffna"},{"code":"LK-42","display":"Kilinochchi"},{"code":"LK-43","display":"Mannar"},{"code":"LK-44","display":"Vavuniya"},{"code":"LK-45","display":"Mullaittivu"},{"code":"LK-51","display":"Batticaloa"},{"code":"LK-52","display":"Ampara"},{"code":"LK-53","display":"Trincomalee"},{"code":"LK-61","display":"Kurunegala"},{"code":"LK-62","display":"Puttalam"},{"code":"LK-71","display":"Anuradhapura"},{"code":"LK-72","display":"Polonnaruwa"},{"code":"LK-81","display":"Badulla"},{"code":"LK-82","display":"Monaragala"},{"code":"LK-91","display":"Ratnapura"},{"code":"LK-92","display":"Kegalla"}]}