{"resourceType":"ValueSet","id":"lk-core-health-institution-vs","text":{"status":"generated","div":"<div xmlns=\"http://www.w3.org/1999/xhtml\"><ul><li>Include all codes defined in <a href=\"CodeSystem-lk-core-health-institution-cs.html\"><code>http://fhir.health.gov.lk/CodeSystem/lk-core-health-institution-cs</code></a></li></ul></div>"},"url":"http://fhir.health.gov.lk/ValueSet/lk-core-health-institution-vs","version":"0.1.0","name":"LKCoreHealthInstitutionVS","title":"LK Core Health Institution Value Set","status":"draft","date":"2023-08-14T13:12:37+05:30","description":"LK Core Health Institution Value Set","compose":{"include":[{"system":"http://fhir.health.gov.lk/CodeSystem/lk-core-health-institution-cs"}]}}