{"resourceType":"ValueSet","id":"lk-core-allergy-intolerance-code-valueset","text":{"status":"generated","div":"<div xmlns=\"http://www.w3.org/1999/xhtml\"><ul><li>Include all codes defined in <a href=\"CodeSystem-lk-core-allergyintolerance-code-cs.html\"><code>http://fhir.health.gov.lk/CodeSystem/allergy-intolerance-code-cs</code></a></li></ul></div>"},"url":"http://fhir.health.gov.lk/ValueSet/lk-core-allergy-intolerance-code-vs","version":"0.1.0","name":"LKCoreAllergyIntoleranceCodeVS","title":"LK Core Allergy Intolerance Code ValueSet","status":"draft","date":"2023-08-14T13:12:37+05:30","description":"Valueset of LKCoreAllergyIntoleranceCode Code System","compose":{"include":[{"system":"http://fhir.health.gov.lk/CodeSystem/allergy-intolerance-code-cs"}]}}