{
  "resourceType" : "CodeSystem",
  "id" : "lk-core-province-cs",
  "text" : {
    "status" : "generated",
    "div" : "<div xmlns=\"http://www.w3.org/1999/xhtml\"><p>This code system <code>http://fhir.health.gov.lk/CodeSystem/lk-core-province-cs</code> defines the following codes:</p><table class=\"codes\"><tr><td style=\"white-space:nowrap\"><b>Code</b></td><td><b>Display</b></td></tr><tr><td style=\"white-space:nowrap\">LK-1<a name=\"lk-core-province-cs-LK-1\"> </a></td><td>Western Province</td></tr><tr><td style=\"white-space:nowrap\">LK-2<a name=\"lk-core-province-cs-LK-2\"> </a></td><td>Central Province</td></tr><tr><td style=\"white-space:nowrap\">LK-3<a name=\"lk-core-province-cs-LK-3\"> </a></td><td>Southern Province</td></tr><tr><td style=\"white-space:nowrap\">LK-4<a name=\"lk-core-province-cs-LK-4\"> </a></td><td>Nothern Province</td></tr><tr><td style=\"white-space:nowrap\">LK-5<a name=\"lk-core-province-cs-LK-5\"> </a></td><td>Eastern Province</td></tr><tr><td style=\"white-space:nowrap\">LK-6<a name=\"lk-core-province-cs-LK-6\"> </a></td><td>North Western Province</td></tr><tr><td style=\"white-space:nowrap\">LK-7<a name=\"lk-core-province-cs-LK-7\"> </a></td><td>North Central Province</td></tr><tr><td style=\"white-space:nowrap\">LK-8<a name=\"lk-core-province-cs-LK-8\"> </a></td><td>Uva Province</td></tr><tr><td style=\"white-space:nowrap\">LK-9<a name=\"lk-core-province-cs-LK-9\"> </a></td><td>Sabaragamuwa Province</td></tr></table></div>"
  },
  "url" : "http://fhir.health.gov.lk/CodeSystem/lk-core-province-cs",
  "version" : "0.1.0",
  "name" : "LKCoreProvinceCS",
  "title" : "LK Core Province Code System",
  "status" : "draft",
  "date" : "2023-08-11T10:37:20+05:30",
  "description" : "LK Core Province Code System",
  "content" : "complete",
  "count" : 9,
  "concept" : [{
    "code" : "LK-1",
    "display" : "Western Province"
  },
  {
    "code" : "LK-2",
    "display" : "Central Province"
  },
  {
    "code" : "LK-3",
    "display" : "Southern Province"
  },
  {
    "code" : "LK-4",
    "display" : "Nothern Province"
  },
  {
    "code" : "LK-5",
    "display" : "Eastern Province"
  },
  {
    "code" : "LK-6",
    "display" : "North Western Province"
  },
  {
    "code" : "LK-7",
    "display" : "North Central Province"
  },
  {
    "code" : "LK-8",
    "display" : "Uva Province"
  },
  {
    "code" : "LK-9",
    "display" : "Sabaragamuwa Province"
  }]
}